ticker,fiscal_period,fiscal_year,filing_date,source_available_date,source_accession,original_label,normalized_category,value,unit,extraction_method,mapping_notes
NVDA,Q2,2009,2009-08-20,2009-08-20,0001045810-09-000024,segment_revenue,other,1440751000.0,USD,xbrl_dimension,unmapped label: 'segment_revenue'
NVDA,Q3,2009,2009-11-19,2009-11-19,0001045810-09-000036,segment_revenue,other,2343957000.0,USD,xbrl_dimension,unmapped label: 'segment_revenue'
NVDA,FY,2010,2013-03-12,2013-03-12,0001045810-13-000008,segment_revenue,other,3543309000.0,USD,xbrl_dimension,unmapped label: 'segment_revenue'
NVDA,Q2,2010,2010-05-21,2010-05-21,0001045810-10-000018,segment_revenue,other,1001813000.0,USD,xbrl_dimension,unmapped label: 'segment_revenue'
NVDA,Q3,2010,2010-12-07,2010-12-07,0001045810-10-000045,segment_revenue,other,2656933000.0,USD,xbrl_dimension,unmapped label: 'segment_revenue'
NVDA,FY,2011,2014-03-13,2014-03-13,0001045810-14-000030,segment_revenue,other,3997930000.0,USD,xbrl_dimension,unmapped label: 'segment_revenue'
NVDA,Q1,2011,2011-05-27,2011-05-27,0001045810-11-000031,segment_revenue,other,962039000.0,USD,xbrl_dimension,unmapped label: 'segment_revenue'
NVDA,Q2,2011,2011-08-25,2011-08-25,0001045810-11-000046,segment_revenue,other,1978556000.0,USD,xbrl_dimension,unmapped label: 'segment_revenue'
NVDA,Q3,2011,2011-11-22,2011-11-22,0001045810-11-000056,segment_revenue,other,3044736000.0,USD,xbrl_dimension,unmapped label: 'segment_revenue'
NVDA,FY,2012,2015-03-12,2015-03-12,0001045810-15-000036,segment_revenue,other,4280159000.0,USD,xbrl_dimension,unmapped label: 'segment_revenue'
NVDA,Q1,2012,2012-05-23,2012-05-23,0001045810-12-000027,segment_revenue,other,924877000.0,USD,xbrl_dimension,unmapped label: 'segment_revenue'
NVDA,Q2,2012,2012-08-22,2012-08-22,0001045810-12-000036,segment_revenue,other,1969147000.0,USD,xbrl_dimension,unmapped label: 'segment_revenue'
NVDA,Q3,2012,2012-11-19,2012-11-19,0001045810-12-000060,segment_revenue,other,3173257000.0,USD,xbrl_dimension,unmapped label: 'segment_revenue'
NVDA,FY,2013,2016-03-17,2016-03-17,0001045810-16-000205,segment_revenue,other,4130000000.0,USD,xbrl_dimension,unmapped label: 'segment_revenue'
NVDA,Q1,2013,2013-05-22,2013-05-22,0001045810-13-000054,segment_revenue,other,954739000.0,USD,xbrl_dimension,unmapped label: 'segment_revenue'
NVDA,Q2,2013,2013-08-21,2013-08-21,0001045810-13-000075,segment_revenue,other,1931977000.0,USD,xbrl_dimension,unmapped label: 'segment_revenue'
NVDA,Q3,2013,2013-11-19,2013-11-19,0001045810-13-000109,segment_revenue,other,2985944000.0,USD,xbrl_dimension,unmapped label: 'segment_revenue'
NVDA,Q1,2014,2014-05-21,2014-05-21,0001045810-14-000085,segment_revenue,other,1102787000.0,USD,xbrl_dimension,unmapped label: 'segment_revenue'
NVDA,FY,2015,2017-03-01,2017-03-01,0001045810-17-000027,segment_revenue,other,4682000000.0,USD,xbrl_dimension,unmapped label: 'segment_revenue'
NVDA,Q2,2015,2014-08-20,2014-08-20,0001045810-14-000158,segment_revenue,other,2205611000.0,USD,xbrl_dimension,unmapped label: 'segment_revenue'
NVDA,Q3,2015,2014-11-19,2014-11-19,0001045810-14-000188,segment_revenue,other,3430993000.0,USD,xbrl_dimension,unmapped label: 'segment_revenue'
NVDA,FY,2016,2018-02-28,2018-02-28,0001045810-18-000010,segment_revenue,other,5010000000.0,USD,xbrl_dimension,unmapped label: 'segment_revenue'
NVDA,Q1,2016,2015-05-20,2015-05-20,0001045810-15-000097,segment_revenue,other,1151000000.0,USD,xbrl_dimension,unmapped label: 'segment_revenue'
NVDA,Q2,2016,2015-08-19,2015-08-19,0001045810-15-000143,segment_revenue,other,2304000000.0,USD,xbrl_dimension,unmapped label: 'segment_revenue'
NVDA,Q3,2016,2015-11-18,2015-11-18,0001045810-15-000173,segment_revenue,other,3609000000.0,USD,xbrl_dimension,unmapped label: 'segment_revenue'
NVDA,FY,2017,2019-02-21,2019-02-21,0001045810-19-000023,segment_revenue,other,6910000000.0,USD,xbrl_dimension,unmapped label: 'segment_revenue'
NVDA,Q1,2017,2016-05-25,2016-05-25,0001045810-16-000275,segment_revenue,other,1305000000.0,USD,xbrl_dimension,unmapped label: 'segment_revenue'
NVDA,Q2,2017,2016-08-23,2016-08-23,0001045810-16-000300,segment_revenue,other,2733000000.0,USD,xbrl_dimension,unmapped label: 'segment_revenue'
NVDA,Q3,2017,2016-11-22,2016-11-22,0001045810-16-000353,segment_revenue,other,4737000000.0,USD,xbrl_dimension,unmapped label: 'segment_revenue'
NVDA,FY,2018,2020-02-20,2020-02-20,0001045810-20-000010,segment_revenue,other,9714000000.0,USD,xbrl_dimension,unmapped label: 'segment_revenue'
NVDA,Q1,2018,2017-05-23,2017-05-23,0001045810-17-000075,segment_revenue,other,1937000000.0,USD,xbrl_dimension,unmapped label: 'segment_revenue'
NVDA,Q2,2018,2017-08-23,2017-08-23,0001045810-17-000123,segment_revenue,other,4167000000.0,USD,xbrl_dimension,unmapped label: 'segment_revenue'
NVDA,Q3,2018,2017-11-21,2017-11-21,0001045810-17-000172,segment_revenue,other,6803000000.0,USD,xbrl_dimension,unmapped label: 'segment_revenue'
NVDA,FY,2019,2021-02-26,2021-02-26,0001045810-21-000010,segment_revenue,other,11716000000.0,USD,xbrl_dimension,unmapped label: 'segment_revenue'
NVDA,Q1,2019,2018-05-22,2018-05-22,0001045810-18-000080,segment_revenue,other,3207000000.0,USD,xbrl_dimension,unmapped label: 'segment_revenue'
NVDA,Q2,2019,2018-08-16,2018-08-16,0001045810-18-000114,segment_revenue,other,6330000000.0,USD,xbrl_dimension,unmapped label: 'segment_revenue'
NVDA,Q3,2019,2018-11-15,2018-11-15,0001045810-18-000150,segment_revenue,other,9511000000.0,USD,xbrl_dimension,unmapped label: 'segment_revenue'
NVDA,FY,2020,2022-03-18,2022-03-18,0001045810-22-000036,segment_revenue,other,10918000000.0,USD,xbrl_dimension,unmapped label: 'segment_revenue'
NVDA,Q1,2020,2020-05-21,2020-05-21,0001045810-20-000065,segment_revenue,other,3080000000.0,USD,xbrl_dimension,unmapped label: 'segment_revenue'
NVDA,Q2,2020,2020-08-19,2020-08-19,0001045810-20-000147,segment_revenue,other,6946000000.0,USD,xbrl_dimension,unmapped label: 'segment_revenue'
NVDA,Q3,2020,2019-11-14,2019-11-14,0001045810-19-000170,segment_revenue,other,7813000000.0,USD,xbrl_dimension,unmapped label: 'segment_revenue'
NVDA,FY,2021,2023-02-24,2023-02-24,0001045810-23-000017,segment_revenue,other,16675000000.0,USD,xbrl_dimension,unmapped label: 'segment_revenue'
NVDA,Q3,2021,2020-11-18,2020-11-18,0001045810-20-000189,segment_revenue,other,11672000000.0,USD,xbrl_dimension,unmapped label: 'segment_revenue'
NVDA,FY,2022,2024-02-21,2024-02-21,0001045810-24-000029,segment_revenue,other,26914000000.0,USD,xbrl_dimension,unmapped label: 'segment_revenue'
NVDA,Q1,2022,2021-05-26,2021-05-26,0001045810-21-000064,segment_revenue,other,5661000000.0,USD,xbrl_dimension,unmapped label: 'segment_revenue'
NVDA,Q2,2022,2021-08-20,2021-08-20,0001045810-21-000131,segment_revenue,other,12168000000.0,USD,xbrl_dimension,unmapped label: 'segment_revenue'
NVDA,Q3,2022,2021-11-22,2021-11-22,0001045810-21-000163,segment_revenue,other,19271000000.0,USD,xbrl_dimension,unmapped label: 'segment_revenue'
NVDA,FY,2023,2025-02-26,2025-02-26,0001045810-25-000023,segment_revenue,other,26974000000.0,USD,xbrl_dimension,unmapped label: 'segment_revenue'
NVDA,Q1,2023,2022-05-27,2022-05-27,0001045810-22-000079,segment_revenue,other,8288000000.0,USD,xbrl_dimension,unmapped label: 'segment_revenue'
NVDA,Q2,2023,2022-08-31,2022-08-31,0001045810-22-000147,segment_revenue,other,14992000000.0,USD,xbrl_dimension,unmapped label: 'segment_revenue'
NVDA,Q3,2023,2022-11-18,2022-11-18,0001045810-22-000166,segment_revenue,other,20923000000.0,USD,xbrl_dimension,unmapped label: 'segment_revenue'
NVDA,FY,2024,2026-02-25,2026-02-25,0001045810-26-000021,segment_revenue,other,60922000000.0,USD,xbrl_dimension,unmapped label: 'segment_revenue'
NVDA,Q1,2024,2023-05-26,2023-05-26,0001045810-23-000093,segment_revenue,other,7192000000.0,USD,xbrl_dimension,unmapped label: 'segment_revenue'
NVDA,Q2,2024,2023-08-28,2023-08-28,0001045810-23-000175,segment_revenue,other,20699000000.0,USD,xbrl_dimension,unmapped label: 'segment_revenue'
NVDA,Q3,2024,2023-11-21,2023-11-21,0001045810-23-000227,segment_revenue,other,38819000000.0,USD,xbrl_dimension,unmapped label: 'segment_revenue'
NVDA,FY,2025,2026-02-25,2026-02-25,0001045810-26-000021,segment_revenue,other,130497000000.0,USD,xbrl_dimension,unmapped label: 'segment_revenue'
NVDA,Q1,2025,2024-05-29,2024-05-29,0001045810-24-000124,segment_revenue,other,26044000000.0,USD,xbrl_dimension,unmapped label: 'segment_revenue'
NVDA,Q2,2025,2024-08-28,2024-08-28,0001045810-24-000264,segment_revenue,other,56084000000.0,USD,xbrl_dimension,unmapped label: 'segment_revenue'
NVDA,Q3,2025,2024-11-20,2024-11-20,0001045810-24-000316,segment_revenue,other,91166000000.0,USD,xbrl_dimension,unmapped label: 'segment_revenue'
NVDA,FY,2026,2026-02-25,2026-02-25,0001045810-26-000021,segment_revenue,other,215938000000.0,USD,xbrl_dimension,unmapped label: 'segment_revenue'
NVDA,Q1,2026,2025-05-28,2025-05-28,0001045810-25-000116,segment_revenue,other,44062000000.0,USD,xbrl_dimension,unmapped label: 'segment_revenue'
NVDA,Q2,2026,2025-08-27,2025-08-27,0001045810-25-000209,segment_revenue,other,90805000000.0,USD,xbrl_dimension,unmapped label: 'segment_revenue'
NVDA,Q3,2026,2025-11-19,2025-11-19,0001045810-25-000230,segment_revenue,other,147811000000.0,USD,xbrl_dimension,unmapped label: 'segment_revenue'
